x1,x2,x3,y
0.0678653669131759,0.3709718996983875,-0.9320381378588625,-1.7475511142916489
-0.2943507625313151,1.0,-0.20132383244540097,6.770935396464623
0.866514314000576,-0.13902439294475433,0.26229787517663006,2.5849050069159336
0.026888456654531323,0.7767955242953295,0.06568689193993937,2.003029288549024
0.956651526571378,1.0,-1.0,32.49265305078777
1.0,-0.35496541583407026,-0.5168351973196854,5.107237207816022
1.0,0.20408800946353622,-1.0,9.848684776300331
-0.436561578500243,-0.0674967626308427,-0.27223236596141653,0.08861549502630535
-0.005585944297898049,0.17524097943803896,-1.0,-3.5379977028883705
-0.8962107934458323,-0.8955598710939161,0.3328148799155186,6.699915537310691
0.08508726284342205,-1.0,-0.7929600795805674,-7.160101921623581
0.14403162090613564,0.6190622637857324,-0.6732643454730851,0.7495101182503627
-0.9738876457978503,-0.8960822368317385,0.6283746601391056,9.943233750474224
-0.5826050598621018,1.0,0.13744341704166474,4.781498063808523
1.0,0.25193975242093813,0.09987113601948994,6.055511805204813
0.6672219528348882,0.44124017903962764,-1.0,-1.2830433276451703
-0.129842798853131,-0.9169151927053629,0.11164508802604711,2.683649561006883
0.26816564668252174,-1.0,-0.4584588646760015,-0.5695219531347785
-0.5307695525261424,0.37489422215175927,0.6733860220814822,-0.6315023145153696
-0.49247274658339335,-0.8728521483416636,0.7211808871155525,1.9234118383869496
-0.6009355076829122,0.9161548316816759,1.0,12.727739596528814
1.0,0.8712464433243927,0.6789237334244265,15.40813938270068
0.22376045467862116,-0.98782246774282,0.4590038855678926,1.022141950369408
-1.0,-0.1880829418039156,-0.0614327472972096,-3.579553499635337
-0.158538433957079,1.0,1.0,13.94081517667559
-0.2388672451673335,0.14513735455427668,0.9128547560472344,0.21356200535082073
0.3570170776821826,0.2694983448423305,-1.0,-2.1591681652894428
-1.0,0.13347259333245876,0.44595743566524404,-4.294610107097516
-0.09876967268900616,-1.0,-0.3673730513138347,1.0243408906826037
-0.36472412275214006,-0.3661136929448785,-0.6673012700364078,1.116299479359445
-0.9993690844862133,0.871505892362868,-1.0,19.83737069695412
-0.1470855674881406,0.06951436327614546,-1.0,-3.0035504581382493
-0.906697193277197,-0.5598514702867061,0.6245941930921322,2.952222166063512
0.7147462859823854,-1.0,-1.0,-25.649914641180956
0.04075326406152713,-0.4315567359160557,1.0,-1.3890561948416247
-0.43600431056693245,1.0,0.33369904928234617,6.395560085779622
-0.09322799659594683,-1.0,0.21192144079733177,3.2771329975851113
-0.6415168305566215,-0.11484702157985494,-0.2967081313397668,0.7748415939629538
1.0,0.08824401546314142,0.6345280664605932,8.00768854021433
0.585021689200897,-0.2485378442701529,0.2918129970233305,0.5871541636926462
0.8125449571968302,-0.5810809328537765,0.6761959021121327,1.6372958854650097
1.0,-0.3016030038112758,-0.8310510968337481,6.230219858971358
0.22966500408721902,-0.5994180297182785,0.08094366051165003,1.6773850800132324
0.05389457614142534,0.4159596657071267,0.6609026306181782,1.671015034616666
-1.0,0.6745614161861373,1.0,8.415511465493127
-1.0,-1.0,1.0,21.834687320004456
0.9551500810666915,-0.20358123365434078,-0.06010519272210457,3.0194841920426985
-0.4262631986051659,-0.4825901846523004,-0.011886350510748933,0.9848015822291833
0.3384216546455956,0.24732436283146453,0.850422802006362,-0.20796069857646482
-0.5382122366601578,0.3062362138524113,-0.28757869384380674,-0.5647166000922004
0.0369199997125238,0.05187410355165456,0.4280533217953253,0.09677921304718629
1.0,1.0,-0.1279622480566147,15.995237138714662
-0.571092940610973,0.8389897200349976,-0.7516457115933486,-1.4540822419545127
0.11061637652467238,-0.3309881022459473,-1.0,-5.184303438933977
0.8167361660572228,-0.7740706211772557,-1.0,-9.80974350609084
-0.8644591624756981,-1.0,-0.10373683965489477,6.202509554150989
0.44976289071401143,0.10614275369651849,1.0,-0.5215547715964305
0.23469478448394487,0.3082480578401299,-0.052898902210101184,0.32307161681075236
1.0,0.01339355745304771,-1.0,8.331939413064493
-0.33480417767119697,0.5221727406653884,-0.23240735156457992,-1.5017881228970684
-1.0,0.2499157427822143,0.5724219894443723,-3.8125972089279663
0.6004385643848673,-0.9856418231754955,-1.0,-22.256028513856023
0.4541422779466038,-1.0,-1.0,-20.60449609398308
0.14110092535939467,0.3257675438094416,1.0,1.6783441137179875
0.27439993085667824,-0.26777190731638423,-0.41556763844945976,0.5179661571042693
-1.0,0.9245097280157282,0.46595920898261944,0.5373823340318972
-0.9034578381267488,0.8244417488312026,0.1737987156880334,-2.027020294243414
-0.24207260064606673,-0.138559878810687,-0.13186865020603133,-0.20696295301157436
-0.702363122303117,0.5821476340467358,-1.0,-0.2956215013849946
-0.2888594783902416,0.061987241739738685,-0.6827834454410555,-0.2301756735915766
-0.10699081350971085,-1.0,0.2707606662549906,2.1309016092065574
0.46448477204118666,0.02269998715030508,-1.0,-2.779456509880362
-0.12907715186513924,-0.36848920107466343,0.8956780405220768,-0.6660603403596032
-0.7863275687728684,0.7465186777892145,-0.12924781180779332,-2.129192391053535
0.13441858692293462,-0.5561365260672346,0.6222376224619872,0.07368103611005797
0.36765876865164926,-0.7316003919811,0.14384219899921358,1.0362758025922478
-1.0,0.3990098735030101,0.4046665754492267,-4.879766492618272
-0.19639342233596002,-0.20331084445917313,0.33287914894686343,0.17535527620795477
-0.6030528493441176,0.5024839330164812,0.4784663824840236,-1.7846523292017495
0.6258701661264525,-0.8994045120300116,-1.0,-15.79127588707408
-0.2867698766113549,-0.192598762935265,1.0,1.1045894733314605
-1.0,0.618601944677472,1.0,6.499442383594076
1.0,0.2821507855595917,-0.4191647483380283,5.075203958141356
-0.36336974054421667,0.5078043720567127,-0.22883519524112894,-0.488263592106814
0.5667986137785255,-0.008401473519773273,0.14221623043620757,1.2781850396844394
0.1324448328950194,0.7198876948170976,1.0,5.0815349699015435
0.11397412129316487,-0.06913455580923222,0.6232585744558254,-0.07252493906648505
0.44434773591713617,-0.1716552123187014,0.07035672450050101,1.1086858744585353
0.7892163676479622,-0.2329274511225723,-0.37590623480110863,1.0594565727988101
1.0,-0.590553127298922,-1.0,-0.34224552300529487
0.9120816488763979,0.016166876500526284,-0.4257603288016656,3.338230249563348
0.4603449672799833,0.19239373590325326,0.8432585222469995,0.9882381633812326
0.04696748600249734,-0.14907865834301592,-0.1605262943472956,1.6005276964769324
-1.0,-0.6186626368362751,-0.6179751915704534,1.019813783791398
0.8837008498565926,-0.5228399049860171,-0.6460292449409664,1.6200112366551682
-0.14891106200958504,0.03325398729414508,0.3649194833041529,-0.056487856523984886
-0.03208732895858768,1.0,-0.5721968951452585,9.956077014970603
-1.0,-1.0,0.34294683006383697,9.65544842426652
-0.0069535106425659965,-0.0928957067221754,-0.9436883940961864,-2.3855003001904045
-0.323031557278767,1.0,0.2433146083206028,6.495898752940668
-0.7028145536803161,0.15664234733835247,1.0,2.517313025015772
-1.0,0.20532998171790395,-1.0,13.618310244554007
0.5057305275532882,0.4715510354024457,-0.12827944492552157,1.0515933130841386
0.3806536622067096,-0.8097837543567761,-0.8139728362025114,-3.798355474426947
0.8691017635327789,-1.0,0.8762029006594609,-5.428719495622929
-0.5190951850705539,0.23866787769660291,1.0,2.4887600756888504
0.18760275682501248,0.899419910246209,-0.32158263076689364,4.925039718960594
-1.0,0.24415161204893643,0.848231036166329,-0.9250639316821005
-0.8491587327596934,-1.0,0.6952851871061536,8.956167608239403
1.0,0.21061940821327352,0.9483765019183938,14.286206551501383
-1.0,-0.30911934306835365,-1.0,7.081421084982254
0.013800415035919444,-0.3326465328139603,1.0,-1.178551220238896
-0.5498103765893481,0.07210779681838164,-1.0,-0.41046855875588145
0.05876205590899475,0.3022170512640805,0.19561157332129508,1.2706838543059131
0.9351247813143555,1.0,-0.1303316990256509,12.739706161305797
-0.14641743250392736,-1.0,0.06313539258256418,3.1831853986705716
-1.0,0.1438887969011593,0.04551904575622645,-5.095385029854432
-0.13443804697585815,0.7890891692201409,-0.09438192287060887,1.3197281315577192
-0.3002716137380794,-0.2196893209177626,-0.5527197999981375,0.49772769908118775
-0.5310093106678966,1.0,-0.6563893566020724,4.494245826373806
1.0,-1.0,0.3285304534385727,-7.57461276986162
1.0,0.4238974895228802,1.0,21.00738408070385
0.6036816627415229,0.08094078598159582,1.0,0.8448180635303648
-1.0,-0.07158812914812596,-1.0,10.32382329924817
-1.0,0.640533741618964,0.09065033716424087,-2.9390547811528993
-0.8707872175215912,-0.9922967469996409,0.470121491941196,8.609862345107242
-1.0,-0.24224260892056648,-0.7825250665645243,1.3255143804980252
-0.7972802324841766,0.6552136794878132,0.7552838529080856,-0.781057678386361
-1.0,0.09517627563268838,0.3258445224859643,-5.118080979680953
-0.1724858503709472,1.0,0.00828551412510059,7.484998223238522
0.8609364222527793,0.7060004012942342,0.11290648865707387,4.443667809981974
0.8022870469202732,0.39068429307495367,0.535228375068445,2.948979364792746
-0.6662341176879303,-0.8678970562892705,-0.5589737232625462,2.3072337726908874
0.41136707677095674,0.8358548614194681,0.010215520330368655,2.756944585517536
0.8883082889226834,0.637297108914294,-0.3720173639234383,3.9380242918149806
-0.04851941637750112,-0.43533756796203815,-0.3651654389798,0.47968796730752494
0.05950014237983292,-1.0,0.04919659441820223,2.578658024274908
-0.6235684432419768,-0.522859668680681,0.042263088147004746,1.2267075261845046
0.7760984497170531,1.0,-1.0,14.975778188819882
0.17017282041642146,-1.0,-1.0,-19.371574860480404
-0.709421393098101,0.07218809191091768,1.0,2.124279242070228
-0.3395674695077555,-0.7558615348816851,0.3438664499997397,1.574963367956449
-1.0,-1.0,0.762381939695727,16.249990092966197
-1.0,-0.06611296910163467,1.0,4.158525836343359
-1.0,-1.0,1.0,21.67707891117123
-1.0,0.5988784508586187,0.36611723919500094,-3.6175364368130083
-0.31746030309075723,-1.0,1.0,-5.375206833582838
-1.0,-1.0,0.7837022947329233,16.791948185992787
-0.17683911833338883,-1.0,1.0,-6.347943373406013
-1.0,-1.0,0.8879969809662327,18.551277214022207
1.0,0.09778606966588055,-1.0,8.793055326221078
0.7087355142049625,1.0,-0.1394283049115259,8.695948517006475
-0.6567473953174543,0.027344678377064113,0.19252053758833787,-1.1577603327297374
0.7595625874896297,-0.9056628557584072,-1.0,-17.486519504960533
0.06090935316721002,-0.10315136259886004,-1.0,-3.665314107084402
0.6894282749148788,-0.26539946893848154,-0.005155770389853043,1.3272659732534344
-0.020663457287962927,-0.49904355361779484,-1.0,-6.415505700261276
-0.6525541818424918,1.0,0.3772501820702503,4.817490821009217
-0.28722318989549467,-1.0,-0.6000881409031151,-1.2777518862329162
-0.10595049157852521,-0.15941971903118124,0.3972019795099151,-0.5427214506466544
-1.0,0.23555906814587102,-1.0,13.771283197664046
0.08206533260936055,-0.4945207523160431,-1.0,-5.6382488177511405
-0.39710373729723547,0.9066495791135105,0.45843718365828856,3.6709560650421635
0.15811154652481618,-1.0,-1.0,-17.4922229852699
1.0,-1.0,0.7282732090405111,-5.648547083543191
-0.1463744938086733,1.0,0.41612163252464507,7.2219477122345275
0.48687324891398287,-1.0,-0.34825553313093605,-1.2211989035244797
0.9161056311216127,0.5490735236916207,-0.3715065027717155,3.434897158956632
-0.22884423705841606,-1.0,0.5069711978727702,1.383755088561922
-0.08125412352075889,-0.4792385033946527,-0.8601663454445088,-2.285445460388706
1.0,1.0,-0.23528038998196532,16.58647055679989
1.0,-0.7363674714304533,-0.32388894842040195,1.5630854757331938
0.41535098654327407,1.0,0.0028937845633314474,7.679580349748848
1.0,0.4345734766690599,0.26109311432994486,7.427390244326063
0.4021185927182367,0.8240798829101088,1.0,7.668765003982491
-0.6088457645190821,-0.5259542784773694,-0.1870817995327001,2.2097170937143673
-1.0,0.6562035683688121,-0.11628138442956804,-0.9864330679338997
-0.04488658757106734,-1.0,0.6942423798704964,-0.08511354503738666
1.0,-0.21401958666941212,1.0,9.100919361551403
0.04565555197464355,0.6572824543252895,-0.3355378253120631,1.3614724768503814
0.10707925627527204,0.08479063886313254,0.7687116372500671,0.04671102534133113
1.0,1.0,0.13688735332200586,14.202172833718269
0.9569092880863868,-0.4713101318024977,-0.3538200950159336,2.3698877001271095
-0.05016298001610586,0.9780456646443452,-0.495952024807528,8.336854752031824
0.75709640032002,0.6517623847243894,0.6755163538129487,5.030756429111716
-0.26462143062554966,-1.0,-0.42814382773055537,0.8446314190474489
0.8869439625153523,1.0,0.28422689951322133,10.399526605031221
0.02873587830748181,-0.9613217028116963,-0.4322821740072409,1.2059180848625983
-1.0,-1.0,-1.0,2.1530302786967512
0.5829144107992636,-0.2075047175635536,0.2281462529474183,1.698415468756769
1.0,-1.0,-0.30701205372926044,-8.996673404041388
-0.7300370212131804,0.03930274465485328,0.46220530247631975,-0.7059932011191092
1.0,-0.06823286274617768,1.0,10.829169955230531
-1.0,-0.8529258013472278,0.49006137813661255,8.093191222117689
-0.22568486163050716,0.930075941697168,0.9837654545240759,12.027329600387388
1.0,0.518074862050228,-0.5903052043164687,5.694597714840344
1.0,-0.3399137285622513,0.047288589564403516,4.317591554017093
0.6947806290864273,-0.552973449170427,0.2500036734146338,1.051318760207199
0.06854320989693563,0.09578160031492922,-0.0060671094686122196,1.0984956083809416
0.13513447345728746,-0.5415030840501647,-1.0,-5.703660251327962
1.0,0.9352813059204681,0.22211423977766742,11.39481403890467
1.0,0.9781384748719149,1.0,25.570914248398587
-1.0,-0.38365553912767614,1.0,7.0461743909654295
-0.04515999436489104,-0.937236367663608,0.49270972729421336,0.1877392651678712
-1.0,1.0,0.09300559911041528,6.308258613868497
-0.4358629959081908,-1.0,-0.17519748545460256,3.8965538725664537
-0.8294523075978855,-0.9654677174835264,-0.3453313096114088,5.228226776044014
-0.04637034186246858,-1.0,-0.9494246221200222,-13.268668188252414
1.0,-0.9055914048001512,-0.14434444633818977,-2.85564167352654
-0.39824326732941695,1.0,-0.31667890496126594,6.949209251633689
-0.2573104920898741,0.037007833260611855,0.04847107822590724,0.6392557107009296
-0.9094041872909089,0.5485487508484908,-0.20687126976456827,-2.8772840092808982
1.0,0.9875121422271187,-0.29865763931929323,15.539104460094142
-0.3206318493896383,-0.33025735795583877,-0.4433647098005251,1.9808076489304707
-0.48879126690845465,0.30372899215161686,-1.0,-2.4532833070443347
0.12772399890624064,1.0,-0.12409204497125215,8.318110659449296
0.36691185045171393,-1.0,-0.5094577267782356,-1.3599727982401397
-0.35258221627399244,0.15115751460434024,1.0,1.320046015686006
-0.34361167680325244,0.5474591445323087,-0.43793185155231096,-1.6191365353668323
0.823596226486704,0.23457502002620756,-0.8766782213938829,2.735147488900311
0.4439633376143599,-0.5035103042165401,1.0,-2.293290881221556
0.2740248432472099,-0.9428589141286001,-0.1269273033555096,1.6670872496188271
-1.0,0.33754540318970827,-0.06583848287871708,-3.2815140027638603
0.965552516060741,-0.23602724769736771,-0.08239153225975193,4.614387017294316
0.38478146170337935,-0.3709709095389726,0.9167503087791966,-1.7106799972192337
-0.7812811774065134,-0.43716914045545274,-0.9976059699698725,2.5277192804483026
-1.0,-0.23545152224453658,-0.297319790668336,-3.4746937236375373
-0.7031227142936674,1.0,0.03937545662716646,4.418129428745791
-0.4043269271080747,0.3465547529115782,-0.453569005828274,-1.3537883147451115
0.01225818318982097,0.08979606678291985,0.7555705486829443,1.1896751145097793
-0.8433781949483703,-0.29908375814848265,0.6674888015535465,0.24693569578359448
0.7537459012307786,-1.0,-1.0,-26.17049477778685
-0.9910988958402591,1.0,-0.5187614640952984,11.035284993025622
0.14130547141479477,0.3384766051945556,0.7159544288777537,0.5565493628628595
-0.09909358307442817,0.8452236169873071,0.2964371176487668,2.665045229729164
-0.14717041416885213,-0.015275445646632413,1.0,0.6701974495069001
-0.10460549798611019,-1.0,-0.23851017871112146,2.2438390440156546
0.40337982356752256,-0.3535717262779299,-0.1477004675350524,1.2817780618734649
-0.17921879473370272,-0.45215872875890684,-0.3058506632742122,1.2966530307262194
-0.6465814742768752,-0.7078515005124066,1.0,1.9503883324908962
0.9622535562700192,-0.02602984993360158,0.8634585361832494,8.704752387161856
0.327982522773381,-0.5241895091580697,-0.29622163568879345,2.3463339515620607
0.3383985495879589,0.03574797156004683,0.5818107890718924,0.7320065280107253
0.9081389622908793,-0.14238948118913264,-0.04056105763897566,3.6860094820639704
0.4568908038732744,-0.16368755162992987,0.9892479214745593,-1.3288606219890193
-0.6137705643663276,-0.9165624733557287,-1.0,-6.7568352169356825
1.0,-1.0,0.9914914135974995,-8.55216019735706
0.7439126284196023,-0.11980744556632716,-0.7754756556538289,2.1145709118465934
0.43180132851466424,0.42547937416425685,-1.0,-2.5774705391640853
0.5409334879261389,-0.4894332946896902,-0.9162519031522198,-2.4404513534221914
1.0,-0.4823554242930186,0.2557545092976976,3.57967900777254
-0.47834184399672997,-1.0,1.0,-3.5596728048947073
0.4227195076843684,-0.371898056640938,0.3956949735667099,1.9987439591891447
0.5763347936407142,-0.510791820821836,1.0,-3.091035612952467
-0.8045073603350428,1.0,0.31206611466051637,2.7460876762797044
0.11577075539233128,0.191142197387429,-0.724633699438129,0.24284612784700368
1.0,0.03376157728192064,-0.37776236424350107,4.479034085418983
-0.8989731942601364,-0.15931975967869394,-0.02983453004971537,-1.4849628341669212
0.4384074400683353,0.6676431619552838,1.0,5.580867315082051
0.4826135666888838,-0.9669219861873946,1.0,-6.2389917608878225
1.0,-0.05985168916412986,1.0,11.334004942104405
-0.18367426891968885,-1.0,-0.37640902180510016,1.9876651792657547
0.14550521347010803,0.6610100592122672,0.8028859998067024,2.584702553601287
-1.0,1.0,0.1907788983521752,5.2802023205838085
-0.9068404845987084,0.2688608467650071,0.2626769386415475,-3.7864390433347177
-0.09781630454033285,-0.6728079571339587,1.0,-1.603809847108957
-0.1434314040915774,-0.38922613922812577,-0.4387670359493334,1.1013619121866556
0.7150789296598461,0.44974338323731766,-1.0,-0.28505027546286743
0.2417220164695364,0.3496738784632589,0.04766202299156541,0.7278578212525927
-0.1567558599583767,1.0,0.7604207692997909,10.569830331955924
-0.9602612222744691,0.474655630027101,0.8058620863820727,-2.0174821836889105
-0.3723209103085041,-0.7534293568945127,0.7961317793687273,0.41263645161830237
0.01022038152098137,1.0,0.042399885670379556,8.072248756118316
0.3437189652433603,-1.0,-0.17656584165539946,1.631978819565494
0.7483882805646358,0.09254561338838041,1.0,3.127934950808086
-0.2867254293210866,0.8733102463914755,-0.5145467770713736,2.9452092628792315
0.03259848768828899,0.055440296943149336,-0.1550072537736178,0.6328983209671301
0.9090887969026002,0.5628508423229603,-0.984620493561082,7.31716647547918
-0.5275418006912878,0.4826566360316822,-0.3009500906530438,-1.747614765682341
-1.0,0.5543810778834832,-0.4258064526914911,0.9993931748359588
0.11439255143918681,-0.2352402213317928,-0.16047808287708087,2.1187049406978815
-0.551259551623797,0.43294425803524605,0.6895324657090947,-0.8119164428396747
0.08211225377231757,-0.841229823650931,-0.9476750155561458,-8.245349049842183
0.6029671943959891,-1.0,0.7311993144939897,-2.4677120645513217
0.4138988040355511,1.0,0.11440673342892849,7.253867359442328
-1.0,-1.0,-0.28292622432414594,6.9568337170511185
1.0,-0.7676947001655916,1.0,0.3104085042749758
-1.0,-0.6830836783719141,0.6202384416303208,4.918273965288569
-0.45955249631667683,-0.10365833541948466,1.0,1.052715340079975
-1.0,-0.9714222427875687,-0.27372443501739707,6.004217977570888
0.7655353117989583,1.0,-0.8438595084643381,16.269521814446954
1.0,-1.0,-0.007903078103764782,-8.635922856772888
-1.0,0.2744612498600798,-1.0,14.941440498992126
-0.08677771816576518,0.2314801549868064,-0.9044039828539341,-2.379437407336929
-0.5330727742249097,-0.8266507329328321,0.022882898522789352,3.163799528633981
0.15724687956262118,-1.0,-1.0,-18.48369149702501
-0.35705604039505223,-1.0,-0.48357837174272,0.8006474673595639
1.0,-0.8813814291910815,-0.49106647830816175,-2.6595477167070007
-1.0,1.0,0.35965868289075664,2.8959907411904933
0.1979927130346686,0.906940775069585,-0.8020283234493972,3.48559008700549
0.1003902376815422,-0.5548020039809154,-1.0,-6.044511248350483
0.9099303569099995,-0.5569120768941684,-1.0,-3.768814433220064
-1.0,-0.04414545574613227,-0.02105820058747576,-4.245341497115728
0.6999906995184908,-1.0,-0.24686301652426268,-2.7532936888655644
-0.07370987258754158,-0.4312956986154206,1.0,-1.5191038560204015
-0.5149107620495219,-0.07945121632138252,-1.0,-1.0078076845673858
1.0,0.007136779455405362,-0.4178835047222844,4.832686056269105
-1.0,1.0,0.4255262102989139,2.183320958371362
-0.012206307791777338,-0.28346749869317267,-1.0,-3.5742037002268705
0.6400492085375851,0.619475534050977,-0.014089928653078676,3.0885071008561162
1.0,0.850904500185826,-0.10086840861176305,9.187611774444347
-0.18604812559196526,0.45367606896744705,0.07958166802311428,0.5106378325381811
-0.3637602729121767,-1.0,-0.27936889906977136,3.500514776971976
-0.8690241504422012,0.7508447844739563,-0.5979905108713612,0.6707121917220646
1.0,-0.051486784785476525,0.10901665774400615,4.316761266223958
0.08818943633836618,-0.5334193862558791,1.0,-1.9613129979303194
-1.0,0.07272027467811126,0.9503101523306119,1.622861393267756
0.21282770042203203,0.07750661642798273,-0.32903442507322556,0.5061089303184423
-0.9415107999564509,0.2917295318858737,-0.6351352843623752,0.09689040389107817
-1.0,-0.21696359729161552,0.4432709838288398,-2.578445649389053
-1.0,-0.5102306483607002,-0.7798621640659773,0.9591654560770052
-0.10605255341911723,-0.23734340573160884,-0.9932449365760063,-2.732995779949687
-0.3982059265525526,-0.16338412102205546,-1.0,-2.913120839448525
-0.2758778203156773,0.03553969487152764,1.0,0.959966270457303
-0.2766051185791423,-0.988350013481236,0.611576283994512,1.1236492393903919
-0.7119401185123715,-0.743149348436658,1.0,4.16121361363979
-0.6984358806954523,0.451659445140393,-1.0,1.5175477357477574
-0.06331967293366936,-0.13319077486257425,-1.0,-3.0355536413760484
1.0,1.0,1.0,25.98409074695535
-1.0,-0.6453345549907419,-0.057420144270420526,-0.6783918081783955
0.705612780409965,1.0,0.39770772713441516,7.163932468528968
-0.1436906599429335,0.7934894600542826,-0.06531061781367775,1.6284537103600811
1.0,0.9749901738865798,-0.42773667088834233,16.13278023081753
-0.017467006673226537,0.5086018759912008,0.5188994715935051,0.3773298766698121
0.12315544918418686,0.3297270785685338,1.0,1.8801879246284643
0.007695211744614294,1.0,0.6501530280436187,8.147455548489065
0.2537885167978149,0.576373071235025,-0.3154000680427391,0.8434773241255784
-0.5096357645517613,0.9033415589921545,0.18610574809689395,2.411136895848011
-0.6404899883920929,1.0,1.0,16.22324254587852
1.0,0.6422144604688544,-1.0,14.02577288121626
0.14427928418268987,0.034078244005815606,-0.4129746363745157,1.2110996762156327
0.43616025186733753,-0.37219275410524966,-1.0,-5.3040663788083595
0.9278784630546097,-0.1207000517981438,0.9613833947917516,6.606839975732899
0.13923428576307417,-0.19193944625552795,-0.35220001582553273,1.444928403058813
-1.0,0.8311476490920329,1.0,12.410284242707057
1.0,0.20019782768685968,1.0,16.66187078599462
0.12672119448627472,-0.8495357317181778,0.14065939356693624,1.4033440791684346
0.6709228583964331,-0.5981482524634798,1.0,-3.0496339735606854
-1.0,-0.6274174968213668,-0.568014014591161,0.7535136193169095
0.12991367924221242,-0.43057051576250593,-1.0,-6.309346968122523
1.0,-0.7892941062056822,-0.6414450829359959,1.1450867774343922
-1.0,0.10050555043440346,0.6480794046945844,-2.792099302816854
-0.16008227026345812,0.0014038999880379155,0.43574164529490944,0.5463693595336905
-0.4933221537874044,-0.08864216952339099,0.4415658332659558,0.08046500413838975
-0.6290306458191488,1.0,0.8104179664251125,8.391883688459934
-0.6169925005268517,0.23942182793622546,1.0,2.01865623172216
0.055402665292176856,-1.0,0.1476668532447054,2.5003744338859004
-0.7175138862305863,-0.9842728216688974,0.8831538209431187,4.534259334797488
0.19297032938684233,0.6467834842207925,0.13726632953341156,1.63885699482074
-0.08568838136847523,0.5541840429777944,-1.0,-4.516543863623913
0.3637717718370237,0.3793869735585138,-0.6866435621887295,1.1774490210123127
0.2664462086061905,-0.5839013553205346,-0.4663035999042191,1.1391363467913165
-1.0,0.3573443070744977,-0.8613587981344166,7.96491153613746
1.0,-0.8187343537853229,1.0,-2.0068830487877003
-1.0,-0.1447171625423911,0.35513090472953723,-4.177767370365908
1.0,-0.004048668171417136,-0.33665836159051965,5.200619028495947
0.32649167680733804,0.23374999027874166,-0.09887567696798216,0.794628734753722
0.05231026140739781,-0.5253520848467281,1.0,-2.3639324442059935
-1.0,-1.0,-1.0,3.147092105583724
1.0,0.5949241318866212,-0.7854752721927056,9.183836766263328
-0.27166187897111627,1.0,-0.5603220445251345,7.789584246043722
-0.8490487746683753,0.5323243443968677,1.0,4.749401753078116
-0.11296879895895917,-0.8656460275001543,-0.5933186855556414,0.285615986758082
-0.9045545001203603,-0.6073978863917859,-0.6066370751016639,1.6263608551012536
0.5182681355868859,-0.12382282390077304,0.9116688763956575,-0.9076486989579806
-0.20899278253588016,-0.916500278876311,-0.5033847922765382,0.3905479875935227
-0.4035311871196252,-0.6030348236801315,-0.7943388470399675,-0.6934000421483455
1.0,-0.35257167364657804,-0.8767371963955792,6.7032096458843995
0.3103384057123941,0.37927962718972785,-0.561174169225719,1.0215716651822826
-1.0,-0.6488683100086547,1.0,12.050697019092363
-0.060570215900654256,0.7455667096006104,0.3948382878205807,1.1037443739749708
-1.0,-0.528850097748695,0.07925997637941662,-0.8305681108342746
-0.41817257586820067,0.09239301405481459,-0.06969551184314238,-0.30542742194954525
0.09579490260489498,-0.25915294313223636,1.0,-1.1737688116528175
0.1478472798471442,1.0,0.4136135235653109,7.174288488344617
-0.6950892036742609,-0.8006092943363998,-0.07036775581405541,3.2249054233699175
1.0,-1.0,0.3126458795548501,-6.573894527914051
0.3719035298693336,0.07955511236359736,0.9488389337789058,-0.12500191138063055
-0.15445814109854372,0.931476438157983,-0.4394200210993193,5.071211723129949
0.6944368942244887,1.0,1.0,10.892936084759539
0.02048961841457797,0.8031947059040896,-0.9431913495963395,-0.9388075318810063
-1.0,-0.7093133346055505,1.0,13.736262578195046
-0.13242895570532376,0.6483423802781538,1.0,5.513393076094495
1.0,-0.5413465915880387,-0.8457759752246765,4.323682012408998
0.13381734903689413,-1.0,0.11830074433586879,2.2729949909768297
0.2814354239899468,-1.0,0.779406084451084,-2.6295828629505222
-1.0,0.7007697709108456,-0.12403975886024776,-0.6585733684824008
0.023789625901438516,0.8265971586516057,0.30027856894701,1.67889159614432
0.11139799163996589,-0.3924515093905132,-1.0,-5.249226454198206
-0.10097715209979241,0.1346718009427066,-0.546914026159099,0.7777308200292854
0.481956364469869,-1.0,-0.567214308465245,-3.793242365088114
0.690810462175836,-0.02255102695097233,0.19018561899554842,1.1059863699358754
-1.0,1.0,-0.6057860588881729,12.78448098652087
0.4357762962142748,-0.945090399921019,0.6272911017333469,-0.2584765155207618
0.08792724467977431,-0.14446195466116363,-0.2387806177607612,0.5800302319152875
-0.657852988657228,-0.33128518077955826,1.0,2.428434539574746
1.0,-0.8289731999306154,0.6658572592257292,0.5720198421723298
-0.15072963829324837,-0.5727669859504072,0.5668332200318118,0.5899951153613514
-0.5854595957162787,0.20720875587632803,-1.0,-0.784243948568648
0.5914265212726466,0.34749634341849833,0.04653785409372224,1.8442439762041745
1.0,0.6246006027636843,0.49102287251911525,9.692064514566914
-0.07748625014271027,-1.0,1.0,-6.117578331118428
0.291028954779909,-1.0,0.36345099308131834,0.6307783048520861
0.3934914457923131,0.3375885472230118,0.6992924791684003,1.4069540975444188
-1.0,0.9957211795734271,-0.21733876671683783,10.142154922280822
0.34874751045306573,0.7535823990203696,-0.6767021549879457,2.285410862151443
-0.1618098320277952,-0.04285374096051986,0.4856370152368299,-0.32722983489318125
1.0,1.0,-0.7982467314414208,29.94365798569891
0.16271066356989095,-0.6337739227103949,0.2684196838273858,1.1194178723824029
0.10603112308379825,0.3174464656517453,-0.5627494602733709,0.9408779983904938
-0.02077788754595833,-0.6383510704146145,0.7772937437422478,-0.4214718478544979
-0.7629695734234552,-0.11251169889316115,-0.7027640310637906,0.9243895259879504
0.9529705098573986,-0.5071116863145209,0.16729624780776065,3.3060280781736138
-0.07088728793605692,-1.0,-1.0,-16.968524750837602
-0.4935629191569437,-0.3558819319195292,1.0,1.3472559185304211
-0.09864386725452845,-0.35766254471634706,-0.7139686917856554,0.08158993967760511
1.0,0.7319004991018185,0.7409786589248397,15.065037094096644
0.40279676809508924,0.06899292236769572,0.5399190889027055,1.1122531193407608
-0.009138521823376156,-0.04940609710136079,-0.2044689088217322,0.39490049583229764
-0.07801998147889733,-0.15927996311464376,-0.553824773994622,0.03637338694956338
0.5939152640999239,1.0,-0.5220304997116232,12.083616410964341
0.1037845912684443,-0.09832372238506881,-0.012266400503614161,0.7680600754894488
0.8322907716607713,0.2623066075711262,0.3659756182427716,3.033650330456754
-0.0792175692353394,1.0,-1.0,3.966123349703567
-0.19928368557026999,0.6494169566435768,1.0,6.119656737931063
-1.0,-0.0993676833513506,0.7735804612051149,-1.5871083480873258
-0.7245496251527583,-0.03457290429101234,0.05412716692382746,-1.386686192438689
-0.33114913540084,-1.0,-0.9235570638433628,-10.036475222691024
1.0,0.07078337226811926,-1.0,9.057053878559005
1.0,-0.3712644885686369,0.4311928096264337,5.198617986962066
1.0,-0.9402868479633915,0.42312985706614636,-3.6035562860922763
0.132652075696704,1.0,-1.0,5.1320861493940795
1.0,-0.08272284032209809,0.046284308189349366,4.695687750368766
1.0,-1.0,0.41838625558190645,-6.810301492781318
-0.7318966574444516,1.0,-0.7996194108099111,2.3849903058213164
-0.00048142975367237995,0.32868712173560266,0.3604235489410801,0.025845795370667973
1.0,-0.9805589612168881,-1.0,-26.88939944222239
0.06956031688637565,-0.16443294977285117,0.038225218783673576,1.2483772502699346
-0.4778942025308923,-0.9679894542889587,0.26568561517017275,2.8867074839113704
0.7906513521303116,-1.0,0.6291427375571235,-2.3686864800465695
-0.9762322629847158,0.17184651211892588,0.21576199244438965,-4.407077179287467
-0.5168709220113519,-0.5868387695906354,-0.41150233479566745,0.4380313219795263
0.7303318621566375,-0.7195593048012601,-1.0,-10.150236627155572
0.9644518708757122,-0.3557547278735038,-0.7495653763585248,5.728964946571595
0.6232133624821614,1.0,-0.15940315121665538,8.282810724070359
-0.3543350004823782,1.0,0.33605144912512963,6.753602099237132
-0.6515506603813594,-0.5917761360309082,-0.9744818722596695,-1.5532688018196383
0.8860096299159506,-0.11794351022433758,0.2745342060430884,3.9051250934195303
-0.9102882302721502,0.21973823521092362,-0.6720382110297831,1.0493892843719559
-0.5431813711348052,0.8155782541809158,0.014778624162789855,0.4121309173997256
-0.3155827734614747,0.7680252722080927,1.0,8.546826680376519
0.11784161461210996,-1.0,0.7764224670016175,-2.431562844706666
0.40746541607102094,0.5217641421329562,0.2694103321526615,0.007750569394244344
1.0,-0.09445440868893451,-0.2845979951332873,4.865050990559226
0.8452170611968792,0.915927986021519,0.9227204161628941,14.63699907098758
-0.2026476699195361,1.0,1.0,13.753678275365619
-0.123749002061049,-0.330669738373794,0.8521227904883575,0.06701074971828624
-1.0,1.0,0.5017071220217935,2.4359650166745923
-0.031284199997624995,-0.17299960501616019,0.115868437938629,0.5933532599160348
-1.0,0.3776941837919998,1.0,3.8020061873850177
-0.40187557492533044,-0.39283963980389935,0.9909224338606417,0.9481637217938297
0.3411806290814756,-0.4577383419013661,-1.0,-5.728311871749514
-0.2595389308670988,0.008551030761076106,-0.6906247848431899,0.1779114031831156
-1.0,0.36993122092762487,0.9319796092951804,0.15640534065433753
1.0,-0.9138157004955219,0.17234011247332126,-2.9610694311276045
-0.7850316624317459,-0.17027682304639824,0.2465509390622984,-1.363391798996115
-1.0,0.2694705473181278,0.25421119319927366,-5.092973295007688
-0.4718551202530612,0.12136635020984232,0.5513190376170012,-0.4553192620744688
0.4136584369086622,-1.0,0.08443195887096322,1.5378968313579577
-1.0,-0.07112770627498777,0.6750937241273558,-2.7735888095178276
0.08140841790266329,-1.0,0.4741316625115386,0.10586301725771241
-0.3884147070498434,0.34425148871346245,0.9240481288119813,0.580919000920384
0.30208960122196493,0.7887018937234334,0.7312928182811844,3.535773435773118
-0.021913414142433307,0.09307971028795547,-0.946037364478389,-1.2804783443456431
-0.9812082166060414,1.0,-0.18971977053005729,8.392974493110865
0.6845786059419492,1.0,-0.8737799212296493,13.450873543658371
-0.6691429495021015,0.4441489502911553,-0.7668529050251425,-1.7643238008762263
-1.0,0.15144754610614353,-0.39160683678077035,-2.1725014821057513
-1.0,0.5135083210906553,-0.8590306893613382,9.57384365909064
0.6592669110142877,0.7535027890298027,1.0,9.756505765284956
-1.0,0.9497639208482833,0.7736325743553414,1.7349105114059908
-0.9988577608007199,1.0,-0.4920465367205118,12.539263045141496
0.4973879652323223,-1.0,-0.25419577868313814,-0.44091976382737363
1.0,-0.032221242271393224,0.6735375004141777,7.314460463635198
-1.0,-0.365938353217933,-0.5502534822110743,-1.1347812166201112
-1.0,0.11341042272120805,-1.0,12.623072258773535
-0.20035854206374726,-1.0,0.09217804293345533,2.8901665911426124
-0.7333535121966883,-0.34874808000936386,0.7462990868750241,0.5587812504963177
-0.28787458210896033,0.3759631629550133,-0.7964009337866891,-1.860387682695126
1.0,-0.33582146393074974,-0.48266558984414454,5.7167882144274635
-1.0,0.6669040470593517,-1.0,18.96146781125761
0.00941547120610009,0.5140680537264726,0.24032208067740246,0.17192145152096483
-1.0,0.44931453454679016,1.0,4.291787984654534
-1.0,-0.65281099961977,0.0018827562076542126,0.28992800116298983
-0.6044504496714107,0.86329637103453,-0.6146031138625474,-0.35879977137237296
0.13319404917166278,-1.0,-1.0,-18.983650666235217
-0.0025512878419220453,0.38545636844037845,1.0,2.124931294394445
-0.5020977174009782,-0.38862065742312657,0.17079950211608685,0.12243993189706248
-1.0,0.5345939470830114,0.767809734290801,-3.479664901539087
-0.8681368419142985,-1.0,1.0,11.167986566563371
-0.6182530979191665,0.5793860143041141,-0.0930742702732319,-2.513819247673438
1.0,0.42382728601940167,0.08339102425373901,6.954694688964388
-0.25836619568782604,-0.022488145510861646,-0.43564661374946545,0.04869351890373769
1.0,-0.14831829745893055,-0.7393016483071311,7.180283756763881
1.0,-0.5365536438688874,-0.19789304257712703,4.351703740548667
-1.0,-0.7129002556710131,-0.42382799272271465,1.607891724230432
-0.5873736190388408,1.0,-0.13126102833180786,6.261278978445366
0.29324260577151406,-0.21579981651940305,-0.5291736713510948,0.9200360718215601
0.3866998768625882,0.9126125253729478,-0.7507796931513058,5.755594623496005
-1.0,-1.0,-0.4244886350498973,5.303686291905812
0.38487300710961336,-0.4909588149739015,-0.8645239192120315,-1.4419253627608875
-0.2129478197265986,0.4536596845526313,-0.47671744401163396,-0.2652768745099272
1.0,1.0,0.5336944072569121,13.344105581734432
0.7070276405666513,-0.9656026368457964,-0.7162413761668993,-6.938792117775497
1.0,0.7678178743803203,-0.27346232829129735,7.773467800434865
-1.0,-0.0842734861330825,-0.288106446502598,-4.042484571446264
-0.5880607777932485,1.0,-0.10869179661688078,5.2606172390341035
0.15901666206461185,-0.060417401157561335,0.022486177962629306,0.24052675428298198
1.0,-0.9926685987881987,-0.4758118218795644,-10.136395734916439
-1.0,-0.26039621195420515,-1.0,7.87461773422629
1.0,0.7042667003238889,1.0,25.470273019749406
0.4763271368891848,-0.9615456593431326,1.0,-6.605955816719297
-1.0,-1.0,-1.0,2.771434413949825
0.18339592545131445,0.6310268463749253,-1.0,-3.8857630680932167
0.6747488781266782,0.10074262384363997,1.0,1.563428512275848
-0.5890884642352416,-0.5770550987003793,0.6203626670391056,0.8484674275541293
0.9457433726567339,1.0,0.8494309305815846,16.4788693429377
0.12356795315192937,0.8885591787099776,0.08144131619838513,4.196049495180114
1.0,-0.9653286408493227,-1.0,-22.63425215196745
-0.36914298144450286,1.0,1.0,16.190608785805065
0.1999392625492349,-0.2134535486561846,-0.5426779260970831,0.6993537370481757
0.6056986495883094,-0.30023628021805404,1.0,-0.7764376377305402
-0.5626385147345496,1.0,0.4771238649507703,5.138010344431711
-0.3432869638112199,0.45366079929313297,-0.23492374215360168,-1.5441114786984584
-0.4897207002369226,1.0,0.41005093350418864,5.822112407992003
0.8487939459583875,1.0,0.5422885401107349,10.060000693726748
0.09539027460183047,-0.37227894083110624,-1.0,-4.53151641862366
0.614382847985258,-1.0,1.0,-6.1907804953750185
-0.6531322574563285,0.35273089368843524,0.3137649434515779,-1.9803264524329343
0.15875172367269896,0.26363020889955346,0.2553523948974523,-0.06893328389564857
1.0,-0.023388572580964828,-0.6306435700926833,5.97354563293769
-0.23750776234307414,-0.48726577485247247,-0.40143834934097056,1.0990128353159168
0.1715578622863705,1.0,-0.42012980651073195,9.887034532402833
-0.1901438831928477,-1.0,1.0,-5.715959268836094
-0.8115747789758647,-1.0,-0.6285385840631956,1.6695458202870537
0.09757976415565439,0.5539041000897844,-0.9090201224170535,-1.5850631624641582
-0.09614533585978458,0.5726486790955962,0.3266061486111558,0.021109145000479862
0.7821324755514532,-0.35771667389005435,-0.4377833484572109,1.4337316614184834
0.24982711610576747,0.9001010306799064,0.4420943067065004,5.010806168743076
0.04958975106939212,-0.31943227482060377,1.0,-1.003534780886259
-0.6436389085623289,-0.4444243079024446,-0.4035322827091703,0.46423807518474913
1.0,-0.0495467757458925,-0.49088045224370624,4.999456424332847
-1.0,1.0,-0.08139998756464406,9.571266281759769
0.7911680933269694,0.7068966611206267,-0.12399400584567366,2.9170404247880186
0.33183329347966417,-0.06574063567418809,-0.41964140181801546,0.9368847052506761
0.17722846499829026,0.2705341515882258,1.0,0.934183461107555
-0.5674902671639028,1.0,-1.0,0.24120268822591548
0.7385878111003368,0.904639592080571,0.5268335538374029,6.487690854996358
-0.03692197521716767,-1.0,-0.8504950189151412,-8.515324665043886
0.14873443304724154,-0.28635676583051484,0.5526208992574853,1.057246657113276
-0.5548846303650592,1.0,-0.1146480491095756,4.7950096949186145
0.2914632995122277,-0.983871044991923,-0.2143880470304147,1.7223313712455177
0.9343128030389327,-1.0,1.0,-8.050681345631428
-0.08386095175513253,1.0,-0.9777270540479166,3.9962366680375263
-0.8998945655374788,-1.0,-1.0,0.503489745072239
-0.36129769469207385,0.3561996273160071,-1.0,-3.284845017001105
-0.8179571318336625,0.7469883015889602,-0.5367646030752908,-0.5656060937553982
-0.09219526475523865,0.19309955212333452,0.39699769499693516,0.8110160776823526
0.00238953887791582,0.8685140346720535,-0.6305790988105997,3.041396085680227
1.0,0.2803573751670909,-1.0,11.094275089233765
0.9189686536569124,0.4972336052006481,0.18222888002167847,4.856225860302808
-0.6488642701479281,-0.380069699494068,-0.3400844329777404,0.9777416614498853
0.19564046855083128,-0.7390007303138788,-0.3387478629312144,1.8713800815191608
-0.6449818075065938,-1.0,-0.24993389709170688,3.7010023082435914
-1.0,-0.24405458948735603,-0.8546064855577014,2.6427588296138
-0.15970365597250735,0.4580240057334306,-0.47579501350618125,0.2007424575814015
-0.5144570712392305,-0.3671141934868709,1.0,1.29691011267682
0.3767960678937077,0.9161982077903725,0.9654342180385052,7.989525429295429
0.49635882878446314,-0.8163818854601599,-0.5808641305104312,0.10760416224342445
-1.0,-0.05831859189807975,-0.5284475682630787,-1.9209124722585806
1.0,-1.0,0.11087683795526004,-7.314599793681552
0.7036719085855294,-0.1823975983220416,1.0,-0.07807013943261405
0.6248493766681562,0.7663398903792664,1.0,9.029012306701
0.4947774730027441,0.6697509423158952,-1.0,-1.7899095407898016
-0.7561995327878648,-0.30906528528743715,0.45106797448744795,-0.11427086613432536
1.0,-0.4326472013186746,-1.0,2.638165857583145
1.0,-0.8792817540401283,0.7202318986188918,-1.1710914254933327
1.0,-1.0,-1.0,-30.271253092374785
0.7404336121092483,1.0,0.4715629318229466,8.413957225120258
0.5269987399911504,0.8490068449800019,-0.7555607096780124,4.403271824274998
-0.8948279278716114,-0.5222292621581912,-0.012015891755843278,0.5888973086994009
-1.0,-0.8635559301406666,-0.8677970116666398,3.3476380607768337
-0.21012766823232254,-0.41310339701795407,-0.4056956406012029,0.7290575432611787
0.8282697927786531,-0.01835221145805077,-0.0960528538122849,2.6543377821451797
0.2880693102098215,-0.04213983230836438,0.5734536057974537,0.8559765700387022
-1.0,0.6685398175601596,0.47688234638262994,-3.140551503531078
0.024736796836570152,-1.0,0.632847958563518,0.0015215422075969404
0.9641405980138242,-1.0,-1.0,-29.158774762722448
0.8330684146380563,1.0,0.289121938589042,8.767385019563063
-1.0,0.143405667819559,0.3399363502907058,-4.759915575303874
1.0,0.6923729365965072,-0.527703885794953,6.793181352452926
-1.0,0.8542087186717611,0.4444140181300138,-1.5822109939766118
0.35491183242298874,-1.0,-0.23020156284188298,0.6167110083041202
-0.6475664640882939,0.07765502556251946,-1.0,1.4441471965157393
0.3551312949030392,-0.20793592742442968,-0.20579484732710962,1.0812387064642779
-0.1483002011339265,-1.0,-0.03130340230215678,3.179208999201588
1.0,0.20300018014549082,0.13406388864948182,5.290724883624057
-0.4424712717940129,-0.561937090446585,-0.5180631641857816,1.292638516779699
-1.0,0.9876617782530452,0.38594822727585454,2.1300823950050902
-0.8854535222223994,-0.3231314840888242,-0.0560993847781357,0.12656821678835328
0.4310098367611046,1.0,-0.29182650314615155,9.131823556757972
0.5729610697403194,-1.0,-0.8497001148737224,-12.691297821062152
-1.0,-1.0,-0.7622831353829964,2.2844033598249864
1.0,-1.0,-0.5551149979630638,-11.978481668361217
0.040735054541900295,-0.5561014168441822,0.5869136122364256,-0.15992588854821477
-0.31634549541412915,0.5259204883125597,0.2714293163379078,-0.5077890023539506
-0.12350029463905021,0.05796523416372512,1.0,0.4142621983343045
1.0,0.5974933263907352,0.5817057142218378,10.312645535201069
-0.8057113222459191,-1.0,-0.750097992570183,1.1772901942676457
1.0,-0.5869873423151899,-0.5146012914091675,2.805548336984839
-0.044593376585463806,-1.0,-0.8009011810713196,-6.7508777513507985
0.559663548257348,-0.20356056471819994,1.0,-1.5953015842942977
-1.0,1.0,1.0,16.62459953501253
-0.45680978135958994,0.8633470788330508,-1.0,-3.648583364616035
0.6051660138200856,-1.0,1.0,-6.81921356340726
0.7038738426254245,-0.887094272047003,1.0,-4.781637930466321
-1.0,0.332151119242067,-0.4223552655236473,-1.3656915128537497
-1.0,-0.6387013773904251,-1.0,4.546445865183101
0.4606184932328894,0.472560027472368,0.8372165057094911,1.5228874522093683
0.747681696698457,0.9168053937528153,-1.0,7.4222909778974
0.2632901021150307,0.5504885477009662,1.0,3.6641871052408956
-0.895469120359689,0.6908651429212189,-0.5077139748306057,0.5442149953363001
-0.5512260617297697,-1.0,1.0,-1.9506892457721134
-1.0,-0.5753930130242728,-0.5134989366212981,0.5134592991369362
0.1728638897435839,-0.03102786912603639,0.8371150528362543,-0.7886589696927073
0.6049224373389286,1.0,-1.0,9.255532574442004
0.368737727857229,0.2605388720042392,0.5649507937820248,0.9101450428903132
-1.0,-1.0,-1.0,2.5723101241502557
0.188224503306204,0.09387357007945552,-0.4152596965915303,1.2554774146173278
-1.0,0.860331894192141,0.48569281113107743,-1.411154299350986
-0.5030963750218924,1.0,0.1559033961028209,5.6764666067957545
1.0,0.42318477255150744,-0.4498064285373411,4.99366050002112
1.0,0.5078567290773011,-0.5379538346456829,5.2101996988420005
0.8127792296944527,0.4236184141099162,-1.0,1.4553813222708274
0.07475209898338053,0.8425956807386206,-0.7832824677973691,1.6738694961881877
0.3460565361630519,0.9545659867133227,0.12417506565412606,5.364742686154913
-0.12815063109304048,-0.20471379687228408,-1.0,-2.8133857298914204
-0.4275170725058812,0.500983640755402,0.8392214348761677,1.2567980377053085
-1.0,0.859175338050761,-0.5558590433426429,6.882574327726371
-0.5604859998285601,0.7607204627833071,1.0,7.0538291687704975
-0.23344792977041173,-0.606549667757633,-0.6307361528789457,0.554361366698067
-0.3048347061670327,0.29176795553881374,-0.6312717088760684,-0.9983515853643232
0.39112919348855946,-0.04356219750510881,0.03834009959984219,1.6352173018788254
0.602699346181941,0.10999189533065601,0.7221768833565672,0.6466376775230792
-0.1289190846578172,0.5502992182254776,0.5551780537655953,-0.09441440635535486
0.46030781893271167,1.0,-0.51592507348728,10.698131572684973
-0.38844588295871474,-0.7104669416357354,0.13701841731258724,0.4115625687856128
1.0,-0.3533671254896944,1.0,6.800253541059006
0.8066377308312538,-0.07022973322858816,-1.0,-0.18715080255688116
0.15491749947123168,-0.14034279027464036,0.3208638128800305,1.2536417758865288
-0.12876474920622671,-0.5798782070141986,-0.11858988140731874,1.7283594827367692
-0.10033065464195023,-0.079345518040568,0.21358031269570543,0.4557848917961967
0.7572252532975956,-0.7463176946499708,1.0,-3.4396965063638607
0.3206628227803978,-0.4456487192091434,-1.0,-5.589252376243727
-0.43424738748404046,-1.0,-1.0,-12.031871233285536
0.8840716374846784,1.0,-0.9565259034385278,23.618915342943964
-0.33917293017811834,0.9295187364648436,-0.32881341271862996,4.350582126784063
-0.2657239301043277,0.40806565850167265,0.8798823093691934,0.9080018634523518
0.4099102920304194,0.024897681238740033,-0.08826429160365645,1.488514026744157
0.6872878648161016,-1.0,0.08058753333531787,-1.895139673224346
0.24613095685688413,-0.2702945779160779,-1.0,-4.6643796757487115
0.433659374450571,-0.2024922441411534,-0.6761893104831853,1.5106732859261083
-0.03087974964859197,-0.2061372171762872,0.3179887901713532,0.11514852305659645
1.0,-0.7027734751015977,0.43943209021472973,2.1035266010031255
1.0,0.39742906550037094,-0.937044854127866,10.72331833907516
0.41153328801779443,-0.3290106823268806,-1.0,-4.902761235967192
0.4564480257633883,-0.29941574806197724,-0.026035131527695876,1.6096698656166937
0.607109427624055,-0.7925712813297117,-0.16222164041711018,0.041759917912321476
-0.11485541275577638,0.7639187974814925,0.21181099891219435,0.8827704989507724
-0.433871804282252,0.8722726963602054,0.21020992284588313,1.504228259595789
0.7642551326337343,-0.950139415199541,-0.08413540054235047,-0.809890970481705
0.6044073523529863,0.9240667317580402,-0.3419097787276839,5.869625511717339
-0.6273155240007766,1.0,0.568106703447415,5.648204074145098
-0.02000724698809564,-1.0,0.19096786513460273,2.9014519867374116
0.40208447059065944,0.10004209969900613,-0.10881453248171691,0.74273775671948
0.7742951053308615,-0.16792128823269414,1.0,1.9123842284482166
-1.0,-0.69129469273423,-0.45057532025620595,0.936204110734886
0.11785017297289335,1.0,0.7039185589545953,8.221428497511523
-0.40889251553639583,0.4753752060724883,1.0,2.9625310557557087
0.9158226381165491,-1.0,0.4661656506621983,-4.292314257397847
0.11041112809669773,1.0,-0.9059652082839353,8.115320114025389
-0.01838793429854002,-1.0,-1.0,-17.09505260897819
0.3936827910510441,-0.176620668001906,0.6195545698524647,0.40144461698474526
-0.8062861427624268,0.6453755963530985,-0.43666273564423075,-1.20805428042486
-0.8132888330191501,0.14161651876315817,-0.5745341810200788,-0.3089300619362756
-0.22761049560797986,0.7205625223072827,-0.060975889490821666,-0.2260238970041447
0.6645976619722842,-0.9828102634878804,-0.512567370925628,-3.6539925515777343
0.4399911423815359,-0.38755632540333806,-0.024260667660107815,1.4897328941772139
0.594056534504499,-0.4132607721542807,-0.20361526791828233,0.7605303997957017
-1.0,0.5819423947836018,1.0,6.405461319461247
0.47494866609033504,-0.9519585955106094,-0.18493023009277287,-0.10244160840988892
0.6402972642406313,-0.7951055739326087,-1.0,-12.154522450754781
-1.0,0.418640875856106,-0.04878149479545657,-3.0344637906591583
0.0647344933693288,-0.05096524498172217,-0.4124245291096913,1.3477316479338732
-0.8331430599316201,-1.0,0.9964126347003919,7.880172887986952
-1.0,0.215817281691006,1.0,2.8584120950992093
1.0,-0.33876219090757886,0.33203983224274003,4.681054548133481
0.6610985334890682,1.0,0.9156644550670046,10.120456058562608
0.30816942433515626,1.0,0.15212226237569038,8.100652048190979
0.14530580294527717,-1.0,-1.0,-18.695415121594966
-0.4329451589094133,-0.26486438911713006,1.0,1.0897909022401813
0.2893558275422159,-0.20882938043211952,1.0,-1.8783464954798594
-0.33788315257727963,-0.5693260383844032,0.09390785242238686,0.7044477012965471
1.0,-1.0,0.2747244860818594,-7.591461882666927
-0.9788206638844033,1.0,-0.4210979255827685,11.094223473498754
0.8961213727013586,0.440970461023803,0.8668914537182408,10.558675024592256
-0.4536697918037642,-0.37504388348595663,1.0,1.5598052281741146
-0.4773393004194564,-0.8921535996134582,0.1893108809577595,2.977773339684244
-0.3040902177137417,-0.3254263135095119,0.18107162166642365,0.5696078147363866
-0.009419723868702823,1.0,0.14467483887690857,8.117426018268944
-0.8992309760745143,0.26979299440775617,0.20859105992052696,-2.9200531208259584
-0.7403106313373482,0.19090567620727272,-1.0,3.7534850171244667
-0.333419667592888,-0.5479404872203917,-1.0,-4.67529902509587
0.5323755143964974,0.935928651559164,-0.06271090813608682,5.67748325762228
0.9725945672053622,-0.3747848557727347,0.33445854900925576,4.731026674239506
0.7595313671787645,0.259017511747236,0.3148276173876936,2.0265308976687333
0.15038765039773327,0.6047884198389659,-0.9837102127047124,-3.0463156010660475
0.763341997251374,-0.008418160425720744,0.1775378235643712,1.7219349477071233
-1.0,1.0,-0.013883288135930982,8.526273054941946
0.7357775977448484,-0.8133197239850893,-0.695801056779827,-1.5894974512608755
-0.44336098350388964,-1.0,0.18303915977593888,3.583421251447531
1.0,1.0,-0.7794215533025495,28.424659792780865
1.0,-0.13488656629674245,0.39254751693685286,5.7160877748275984
1.0,1.0,-0.5166178324823254,20.914871495097497
1.0,-1.0,1.0,-9.47991418496657
0.7821899335094942,0.08821300168136581,1.0,4.319274075688051
-0.6151070677259944,-0.26300846972033876,-1.0,-0.25826970649684966
1.0,-0.30997012908981647,-0.3024142527318636,4.160351806290622
-1.0,-0.6396579422166822,0.9627353249790207,11.095263565685112
-0.8363528848944493,1.0,-0.20290091607773975,5.955696234478188
0.5520361024469627,-1.0,-0.20136012815224702,-1.383704079956255
-0.06979207990580227,-0.9317198646066196,-0.3825545085086741,2.498487361431281
1.0,0.13014546655716552,-1.0,10.344358184583276
0.9825235892839481,0.3095445147308844,-0.7043973158451879,5.957304149360597
-0.27689315969693507,-0.1381513215570085,-0.23072037938797196,0.6651979840748066
-0.5478481872401411,-0.8272974945595049,0.42031908320760625,2.179858520430136
-0.9429488183766697,-0.07878026085148648,-0.0489523357359849,-2.9693498527393642
0.6542659959754156,0.13783362218225603,1.0,2.4371420865523037
1.0,1.0,-0.23859521558084062,16.113574697586387
0.9809941446053045,-0.08701939256513058,0.306221537684799,4.402030698503011
-0.499423612048405,-0.04683207706395898,0.05102376732461056,-1.2330428418760486
1.0,0.3435056468538358,0.897530229236807,15.176222173108936
-1.0,1.0,-0.668804549127253,13.844919428995725
-0.7342215102900829,-1.0,0.836020748427938,4.803170517037712
-0.7543834143291008,0.22220294010506625,0.20100270187769653,-2.1545880790706056
1.0,-0.527247832326418,-0.1767122507090586,4.275120135991654
0.43796500241097447,1.0,-0.918329458109963,8.790340754453792
-0.7616510522522053,0.059406149478894665,-0.8787298320619317,2.6198441341275904
1.0,-0.1697241980757307,-0.4113025809621329,5.209863054387272
1.0,0.5426248962826334,-0.7450080001460675,6.832669381824185
-0.0913249429587788,-0.12168336719576711,0.14929365526973748,0.9117266561284358
0.23473533033951077,-0.8554693783990235,-0.34354112258113356,1.5783122414493085
0.843099448698899,-0.02275012146657307,-1.0,0.9819942111571068
-1.0,1.0,-1.0,22.19244719259221
0.2746447913950971,-0.9314134153680318,0.19628041242636773,2.1782254836320147
0.3280583874340499,-1.0,-0.7172949793522083,-5.363310442158779
0.664560449822907,0.7689949053689997,-0.5171168315556314,2.1089751307067526
0.15223280832240293,-1.0,-0.8872104604104938,-11.060041870761873
-0.949104927704016,0.37876665125817466,-0.5117559183377998,-1.2417063402034414
1.0,-1.0,0.7878927202669217,-5.56785116658935
-0.11753156629583983,0.29900139000565806,-0.9149821089198571,-2.2524871040159042
0.970984308466222,0.07032913962349752,-0.7571400461439368,5.547050856648613
0.10553816995255705,1.0,-1.0,4.645937395831644
-1.0,-0.5044242625824269,-0.2932041934486218,-1.2434269888635503
-0.6218307861341428,1.0,-0.41664607399694886,4.947122246397799
-0.9382040272305321,1.0,0.1865480115700049,4.9175170255433125
-0.7077495284625335,0.4165962521757005,-0.2240762297769705,-2.8685375589316653
0.3448872461433363,0.2695311813754353,-0.2502561566171815,1.0016246496249956
0.06851661619233895,-1.0,1.0,-6.718728457463786
-0.6474173974382367,-1.0,0.6992737505257871,3.2658189678353233
-0.3196649499527868,0.8614827179050404,-0.7000222053370593,1.3608806259625856
1.0,0.15999775253052562,0.19120022719822471,6.13060569739805
1.0,0.23456193102285927,1.0,16.53456474482802
0.1759064587571404,-0.6573202629318511,-0.5563490771744093,0.9139085476737094
-1.0,-0.3397772704014046,-1.0,6.352116958652426
0.50182335136343,-0.28667990614820527,0.8258260588712318,0.1107569273861313
0.11496133093512939,0.5693813212391408,-0.546927605706135,0.7375570739635173
-0.40137881521822094,0.05206383243433721,0.17852170197041572,-0.5188072785415719
1.0,1.0,-0.6004649951955101,23.19334866606173
-0.5732170786714061,-0.6999034931539441,-1.0,-4.111599411655652
-0.5164332988902656,-0.15535681241268584,0.738860407658184,0.3174590692407796
-1.0,-0.42829745177246603,-0.13011823536237177,-1.1693310484060373
-0.9591364218042631,-0.8495215166613406,0.8048628729876375,11.003443041749861
-1.0,-0.9577305260880353,0.833400938420533,16.91460147233482
0.6601482552742333,-1.0,0.8470614677816612,-4.155219089656304
-0.779628543305221,1.0,-1.0,3.2083521762345404
0.026684142234489006,-0.8176056545173225,0.21397594911386864,0.2903606310981257
0.09558757142766039,-0.17517431296918495,0.20183740847281895,0.5828580480706007
-1.0,-0.2833894646825159,0.8197979865699219,1.1438182911372592
1.0,0.15736534425078674,0.7090439552500565,9.08830518128951
-0.9677098417421224,1.0,-0.2940715252728652,9.598683441901555
0.11061704830245467,0.2874295058292369,0.0027063432800695786,1.2727289139638618
-0.26852294671579946,-0.1931181214557225,-0.95390254184282,-1.077124615718892
1.0,0.09809578084755843,-0.038883165393460706,4.257761350794943
0.06588921445385987,1.0,0.1979818218262024,8.299519546203232
-0.45284125241739215,-0.580721288242503,-0.3197498668431775,1.459915798039742
-0.12033805763402516,-0.41863471280823084,-0.7058886593629972,-0.864243218117373
-0.03601630546520873,-0.07508578106808761,0.7299924720089022,-0.16544319878709235
-1.0,-0.027395886967267025,-0.7555858025652098,1.3047918675691186
1.0,-1.0,1.0,-9.094634818700559
-0.02482928089240577,-1.0,-1.0,-17.15448755393866
0.15525589445387777,0.9722694030541217,-0.05856844886861379,6.978559208998397
0.7003242553972076,0.5361006253173841,1.0,7.84267622415017
-0.04933147872908217,1.0,-1.0,2.6327785255474794
-1.0,-0.3144606020927736,-1.0,7.159811063094291
-1.0,-0.45776043492509144,0.9928187920360316,7.847351648141299
1.0,-0.11751449575748985,-0.16457712960145088,5.3380972730908836
0.4724877569062549,-1.0,-0.3963418036008317,-1.5296192742631654
-1.0,-1.0,-1.0,3.209968270122266
0.2573625968575912,0.32391495046805363,0.6137093427661537,0.18651310432967938
1.0,0.5509216430577477,-1.0,13.589624516539617
0.48300564820702085,1.0,1.0,10.098952178297381
-0.3199477185626298,1.0,-0.5982888555546433,7.3756253002717855
1.0,0.6118745960654435,-0.5865174819770862,6.531286113081421
0.08003024044837592,-0.7177205278034959,1.0,-3.03473693580112
0.6811756426558484,0.9080299404127032,-1.0,5.036420483029687
-0.19459283436830277,-0.06289569548696727,0.581002327617107,0.0011488195539110357
0.6859487173340117,0.41932496200785274,-0.23415563830066377,0.8874417214591617
0.13235212984138145,0.3945961107033551,0.041238180292935134,0.15075898142310273
0.9730083265970386,1.0,-0.5735457385465277,19.708025258449098
0.6858993243248435,0.9246888096953949,0.6921930638878364,6.912681464641605
0.5375115123675889,-1.0,1.0,-6.822641812385233
1.0,-0.32336585316646915,-0.9929101794908153,4.511301223993977
-0.16556845237085538,-1.0,0.029530755539441733,3.225771554028207
-1.0,-0.1101555674200958,-0.3026661290185342,-3.457386166671772
-0.30616181928232455,0.28106999965622315,1.0,2.139167381765489
0.014093001904504021,1.0,-1.0,3.7673426376892047
0.9842143497019458,-0.3414484415885928,0.08497411546564027,4.310832114463527
-1.0,-0.46378402598772084,0.9394898988657072,6.343295712264284
0.350095003175664,1.0,0.347026339622752,6.83289425176072
-0.16719696518504312,0.32813674307467466,0.05691648410684058,-0.06365289832487389
-0.9064450571880933,1.0,0.5439079629662531,1.5094960905751906
-0.45390373588959876,-0.34912513810195156,0.932107381459168,0.5656152655489872
-0.3053908385435502,-1.0,-0.30909724257309956,2.3818926816222596
0.6460438820718277,1.0,1.0,11.032953233418171
0.8040205440642487,-1.0,0.028082494313343087,-4.684584546375294
-0.3357351144137011,1.0,-0.3827761269812118,6.913195991770391
-0.6859496055343293,-0.41566755624661744,0.46474083190290827,0.4208267511565681
-1.0,-0.08842163648198831,-0.4821260798809899,-1.740075571722453
0.5645609360777732,-0.515212834581148,-0.39909632076359447,1.6809537418782357
-1.0,-1.0,-1.0,2.450008641959455
-0.2743332047402134,0.15749971775018956,0.4084373221109947,-0.11343807367032421
-1.0,0.11567358794481453,1.0,3.7694976282351824
-1.0,0.56289680928693,0.10277226844589138,-3.2025982427158985
-1.0,1.0,-0.8955866155096615,16.89692741194871
0.3960713820496,-0.5118658164355518,1.0,-2.8562442826473897
1.0,-0.3423389072645089,0.0446922057319461,4.570565913726099
-0.6336754421985917,-0.019113120469369305,1.0,2.049497191416428
0.31696577549643945,0.8958446709879382,-0.09222409784422037,4.939252710322603
0.6139877748952511,-0.4810855122151949,0.0941000847060256,1.2440854615673236
0.3737364448976266,1.0,1.0,8.794344885728265
-1.0,-0.4992422465424482,0.29372472398274097,-0.32541700363472925
0.2685516634566234,0.32248613300577156,0.10455038666492023,1.0901215572893044
-0.23588255256692214,-1.0,-0.20176298576003004,2.5758283962720543
-0.1824970863666644,-1.0,0.1942037816548916,2.5692924738711724
1.0,-0.17620660268777266,-1.0,6.1188393471987705
1.0,-0.9259808586664173,1.0,-5.333420416495759
0.83400162688094,-1.0,-0.6795651784472809,-10.57794344923571
0.9229530885495747,0.2329357946319266,-0.9096226652032888,5.840691673828741
-0.3952799829043896,0.024886971960728754,-1.0,-1.7926043912182188
-1.0,-0.39235147275839166,-0.23837401011075765,-2.506291209745409
-0.06134311183032071,0.6519872126050488,-0.9603553570309296,-3.997767275172405
-0.3101630147202654,-1.0,1.0,-5.339059634875882
-0.5587480104218101,-0.764578611986608,0.19984927887131376,2.4113952672402292
0.32510560025746904,-0.32381561919305546,1.0,-1.6709363864781974
-1.0,0.5914324242022375,-1.0,18.721110597719342
1.0,0.3042486810664422,-0.16626728372185262,6.367609825542793
-0.67222158482805,-0.9585845155140171,0.28604760336648627,4.69045808332517
0.47638091328631993,-0.07329317858907758,-0.2733652472660506,1.1396163271916222
-0.04833134941343875,1.0,-0.2418629309249245,8.429564558195327
0.0661435743122254,0.547942945140458,0.48891851044639845,1.0272762168027296
0.23639166200909023,-0.741369082770631,-0.8683326420556252,-3.868937644596963
1.0,0.11817235826311556,1.0,14.624778983623509
1.0,0.17707662889270082,0.32748363693394733,6.77167402979539
0.5610491544601734,0.30826216646115645,-0.3268018699450377,0.6378676800751626
-0.6126091610882081,-1.0,-0.8699659919609075,-5.636281211357721
1.0,-0.16233152238187598,0.9518664136595392,9.360980478933302
0.9143145644608224,-0.6705801839333139,-0.38979314338321447,2.0582890662943822
-0.8391693509181481,-1.0,-0.6335667163831131,1.9714440617296258
0.1850433246497427,0.08377303260436952,-1.0,-3.3237095697465247
1.0,1.0,0.8518636850412329,20.225901556465537
-0.026813517925524222,-0.7214113006754617,0.49939600648386206,0.6058689244525935
1.0,-0.6718875614812032,-1.0,-2.51427363015216
-0.4653464454997873,-0.3050930514015222,-0.7584131530501266,-0.22839129894491728
-1.0,-0.45110956356251153,1.0,7.661609746981167
-0.5813831347889185,1.0,1.0,16.149883400106244
-1.0,-1.0,-0.6864374311309609,3.77265276556534
-0.08902360304957724,-0.027257970623037586,0.019461656347673717,0.5135182713176253
-0.3183383909127817,0.07419921512547778,1.0,1.3290722884975286
0.741643608536598,-1.0,0.2240375857688337,-3.0634205720572347
-0.5042879836696248,-1.0,1.0,-2.4505006079085274
1.0,0.4029960919597979,-0.8260156588742935,8.357383024078429
0.8837448815633258,0.15466198233274353,-0.8849009241739632,4.239952022055849
-0.9444559270952271,0.8649366321558298,0.5763343045046254,-1.5965417705518292
0.58125132985655,0.6386143555371395,-0.1607705523669689,2.050972464939157
-0.8897528407220179,-0.636483982894398,0.0963297863117063,1.5418120503852886
1.0,0.3855842745636435,-0.1923439136315972,5.310748058126441
-0.3531515026558998,0.28825164836669726,-0.36297517332409757,-0.5907095544668882
1.0,0.9137271165503837,-0.3323349591691316,12.012005182115395
0.25638052835844904,-0.13334755729616998,-1.0,-3.41679759565132
-1.0,0.17107265597196308,0.6251833222688044,-4.570170953396486
-0.08865719455533627,1.0,1.0,12.978851888768355
-0.38026518154974864,-1.0,0.12099837944406389,3.9773049394129303
0.07054639751869884,0.9047762825459629,0.36275453867566543,4.828498649574068
0.2241950046795631,0.7924714194406417,1.0,6.406231692362734
-0.785596508383656,0.5530504720599498,0.08416673273166309,-2.7325332662423616
-0.5557275090428251,0.9481375234106926,0.7495410888759138,6.207796706635163
-0.41320296523731437,0.02731244087868645,-1.0,-1.3337312024001229
-0.290364498721549,0.9905219007988986,-0.287528131156491,6.3771600874330865
0.28600699029580734,-1.0,0.6493691479616139,-1.202766749205101
1.0,0.8910588306756246,0.048226865090002624,9.533643376294318
-0.8920903026337357,0.7622723494180934,0.21214488461609782,-1.9881311471263428
0.24624786984805347,-0.05612926021416986,-1.0,-2.8647493586613204
0.2799994226551221,1.0,0.8957034063804561,9.401691202491874
0.593771264734317,-1.0,0.15276892602515169,-0.8057550395605723
-1.0,-1.0,0.16596199062712125,8.467317151261359
1.0,0.024023962280973032,-0.6497294804113964,6.202703549448875
0.07300730321153903,-0.8351967113594847,-1.0,-10.39788883698016
-0.02611254263765428,-0.9756336303077986,-0.2624843420930896,2.836068830503771
1.0,-0.2011543915602294,-0.02212391905524691,3.9202696137684585
-0.09249348792045908,0.6599059980699393,0.9610798793420148,4.749500769628775
-0.46569264376163444,0.5191238566097824,-1.0,-3.786103020381649
1.0,-1.0,0.04255575690425206,-7.793119192348717
-0.494188797427382,1.0,0.259852796995937,5.3431068650002915
-1.0,1.0,-0.27674073951730693,10.688280731329437
-0.8609028354879578,0.07105223134188732,0.1810231684256811,-3.2870911518336516
-0.7204271977594128,0.21005516503945376,0.8960489223454555,0.6049916402904976
-1.0,0.44566799284766123,0.1150647607689792,-3.383330620901229
0.6383706286979718,1.0,0.9301980355927437,10.192812233411882
0.7419071413826401,-0.1377423305544898,0.9254181697301005,2.1507524207358286
0.7282982888385365,-0.6656182197176321,0.2467023042768346,0.8368277471069784
-1.0,0.24974111689597445,-0.9838616498173105,13.18678133749134
-1.0,-0.6799064732869895,-1.0,4.354930786772402
1.0,-0.586153185152839,-0.229839819829313,2.955447498555044
-0.5884991504238124,0.8727892986919281,0.8701427697552353,5.644671000515784
-0.7111374921506699,-0.29545439718112987,0.06667907218601465,0.4164261557607229
-0.6246832147458998,1.0,0.4198190182830446,4.310185470117089
-0.8030390174165367,-0.1998676086840605,-1.0,4.2485220125190555
0.0718339549224789,-0.18669356956118222,0.37458347941780956,0.2554795414833584
-0.43286677105818927,-0.5232042846175411,1.0,1.0088937663357136
1.0,-0.14254560115365056,0.11608591907574484,5.0074864867834
-1.0,0.8851418014445018,0.5353740836701677,-0.28940980889550283
-1.0,0.7265031587991164,-0.31422241423194097,1.4252054991145382
0.5002842582226175,0.2939157912769612,-1.0,-2.5470888552811792
-1.0,1.0,-0.6278323412905589,12.855320891536367
0.7412124376649531,0.6020860747374763,-0.7714663829970754,2.232100432771586
-0.8381915213889051,0.21943196560440814,-0.6886979334923751,-0.5228013401192624
-0.43849628607987046,1.0,0.14705809149715177,5.772660386747188
-0.1319185722014231,-0.6162132884463325,1.0,-0.5434688682604758
0.49113155346566817,-1.0,-1.0,-21.874957829240454
0.0008596374343692315,0.09865495520350032,-0.45691665681722404,0.5225807420592604
-1.0,0.9305962871205784,0.3955330118136089,1.2427322588321665
-1.0,-1.0,1.0,22.477116986570206
-0.5596167575243012,-1.0,1.0,-1.9991834024224338
0.24962717754058672,0.12840496513498922,0.34662399092760987,0.3619593764701509
-1.0,1.0,-1.0,21.98587266177793
-1.0,-0.7777606090446032,-0.12296556783479518,2.269283996854148
-0.6054248425534705,1.0,0.33393395791236324,5.407650612715962
1.0,-0.08186593328078784,-0.4242666018294763,4.371993879989303
1.0,0.3527788308951414,0.6405672432155176,9.557155302467072
-1.0,-0.7159899482024437,-0.06750525663683615,1.2036578339772956
-0.22502789453047156,-0.39553527278895917,0.6617688644738275,0.42383285863235753
-0.5651064393054779,-0.34867869511349103,-1.0,-0.36301788822344666
-0.1201086005843699,1.0,-0.26084352855424675,8.640644052881596
-0.14723997952871848,-0.29235276059234105,0.16188072758876237,0.9968713096454717
0.46239760150252596,1.0,-0.5335753934679781,11.438558388642129
-1.0,0.3314020776679716,-0.9636998862667647,13.40159931127057
-0.628062055587757,0.8808550968708211,0.3058009695466628,0.6024416411655158
-0.897887994073773,0.3071751005934493,-0.18377891533152724,-2.4827685050566535
-0.6839154193684238,0.768442969761562,1.0,9.019996702968804
0.6560296214186323,0.562209437132364,-0.09224768348375201,1.2515025122158017
-0.8816624096121075,1.0,-1.0,9.058812461659983
-0.48444672633860075,-0.8768383175362315,1.0,-0.24356773339684204
0.3460387300054306,-0.1630600352826339,1.0,-1.6173072210516068
0.09042271239430955,-0.23031672376164236,-1.0,-4.4640131084382055
-0.8164373335921695,-0.8934594641709444,0.6403981705880375,6.0933060419852145
0.6876248128978759,0.7650756822679086,0.64798320257033,4.902075007412988
-1.0,0.5257671876822527,0.45187210731494876,-3.466694971033232
-0.9276164878606552,-0.07311631623979586,0.029888447667066886,-2.800344988649804
-0.3304398436666651,-1.0,-0.3940889590229095,2.2809545999348826
